Intg_Resp_Id,Invoice_Id,Infinium_Request__c,Infinium_Response__c,Error_Message__c,Operation__c
a0Iaa6fe4b3b116471,INV-SYN-11772,"{
  ""vendor_id"": ""VEND-12345"",
  ""vendor_name"": ""Synthetic Tech Partners 11"",
  ""po_number"": ""Synthetic_PO_15"",
  ""invoice_id"": ""INV-SYN-11772"",
  ""amount"": 36041.09,
  ""currency"": ""USD"",
  ""invoice_date"": ""2025-11-18"",
  ""operation"": ""Invoice Commit""
}","{
  ""status"": ""success"",
  ""code"": 200,
  ""message"": ""Invoice processed successfully"",
  ""infinium_invoice_number"": ""INF-727777"",
  ""timestamp"": ""2025-11-18T11:14:02.386549"",
  ""invoice_id"": ""INV-SYN-11772""
}",,Invoice Commit
a0Ide4504509b7c429,INV-SYN-94725,"{
  ""vendor_id"": ""VEND-12345"",
  ""vendor_name"": ""Synthetic Tech Partners 11"",
  ""po_number"": ""Synthetic_PO_15"",
  ""invoice_id"": ""INV-SYN-94725"",
  ""amount"": 18194.81,
  ""currency"": ""USD"",
  ""invoice_date"": ""2025-11-18"",
  ""operation"": ""Invoice Commit""
}","{
  ""status"": ""success"",
  ""code"": 200,
  ""message"": ""Invoice processed successfully"",
  ""infinium_invoice_number"": ""INF-391226"",
  ""timestamp"": ""2025-11-18T11:14:02.386899"",
  ""invoice_id"": ""INV-SYN-94725""
}",,Invoice Commit
a0Id2826e7c764b48d,INV-SYN-38497,"{
  ""vendor_id"": ""VEND-12345"",
  ""vendor_name"": ""Synthetic Tech Partners 11"",
  ""po_number"": ""Synthetic_PO_15"",
  ""invoice_id"": ""INV-SYN-38497"",
  ""amount"": 36888.21,
  ""currency"": ""USD"",
  ""invoice_date"": ""2025-11-18"",
  ""operation"": ""Invoice Release""
}","{
  ""status"": ""error"",
  ""code"": 404,
  ""message"": ""Duplicate invoice detected: Similar invoice found with same amount"",
  ""timestamp"": ""2025-11-18T11:14:02.387209"",
  ""invoice_id"": ""INV-SYN-38497""
}",Duplicate invoice detected: Similar invoice found with same amount,Invoice Release
a0I39989d7cba4142e,INV-SYN-36331,"{
  ""vendor_id"": ""VEND-12345"",
  ""vendor_name"": ""Synthetic Tech Partners 11"",
  ""po_number"": ""Synthetic_PO_15"",
  ""invoice_id"": ""INV-SYN-36331"",
  ""amount"": 7259.26,
  ""currency"": ""USD"",
  ""invoice_date"": ""2025-11-18"",
  ""operation"": ""Invoice Release""
}","{
  ""status"": ""error"",
  ""code"": 500,
  ""message"": ""Approval limit exceeded: Invoice amount requires director approval"",
  ""timestamp"": ""2025-11-18T11:14:02.387523"",
  ""invoice_id"": ""INV-SYN-36331""
}",Approval limit exceeded: Invoice amount requires director approval,Invoice Release
